"Section","ParentSection","Title","HelpId","FileName"
"callback_index","","接口回调","Interface_Callback","接口回调.html"
"callback_detail","callback_index","NET_TV_SERVER_Cleanup","NET_TV_SERVER_Cleanup","NET_TV_SERVER_Cleanup.html"
"callback_detail","callback_index","NET_TV_SERVER_Discovery_Start","NET_TV_SERVER_Discovery_Start","NET_TV_SERVER_Discovery_Start.html"
"callback_detail","callback_index","NET_TV_SERVER_Discovery_Stop","NET_TV_SERVER_Discovery_Stop","NET_TV_SERVER_Discovery_Stop.html"
"callback_detail","callback_index","NET_TV_SERVER_GetClientCount","NET_TV_SERVER_GetClientCount","NET_TV_SERVER_GetClientCount.html"
"callback_detail","callback_index","NET_TV_SERVER_GetSDKVersion","NET_TV_SERVER_GetSDKVersion","NET_TV_SERVER_GetSDKVersion.html"
"callback_detail","callback_index","NET_TV_SERVER_GetVoiceComAudioParam","NET_TV_SERVER_GetVoiceComAudioParam","NET_TV_SERVER_GetVoiceComAudioParam.html"
"callback_detail","callback_index","NET_TV_SERVER_Init","NET_TV_SERVER_Init","NET_TV_SERVER_Init.html"
"callback_detail","callback_index","NET_TV_SERVER_PushAlarmInfo","NET_TV_SERVER_PushAlarmInfo","NET_TV_SERVER_PushAlarmInfo.html"
"callback_detail","callback_index","NET_TV_SERVER_PushChannelStatusInfo","NET_TV_SERVER_PushChannelStatusInfo","NET_TV_SERVER_PushChannelStatusInfo.html"
"callback_detail","callback_index","NET_TV_SERVER_RegisterCb_AddFaceInfo","NET_TV_SERVER_RegisterCb_AddFaceInfo","NET_TV_SERVER_RegisterCb_AddFaceInfo.html"
"callback_detail","callback_index","NET_TV_SERVER_RegisterCb_AddTargetLib","NET_TV_SERVER_RegisterCb_AddTargetLib","NET_TV_SERVER_RegisterCb_AddTargetLib.html"
"callback_detail","callback_index","NET_TV_SERVER_RegisterCb_ConnectWifiSta","NET_TV_SERVER_RegisterCb_ConnectWifiSta","NET_TV_SERVER_RegisterCb_ConnectWifiSta.html"
"callback_detail","callback_index","NET_TV_SERVER_RegisterCb_ControlRecordInfo","NET_TV_SERVER_RegisterCb_ControlRecordInfo","NET_TV_SERVER_RegisterCb_ControlRecordInfo.html"
"callback_detail","callback_index","NET_TV_SERVER_RegisterCb_ControlReplay","NET_TV_SERVER_RegisterCb_ControlReplay","NET_TV_SERVER_RegisterCb_ControlReplay.html"
"callback_detail","callback_index","NET_TV_SERVER_RegisterCb_DelFaceInfo","NET_TV_SERVER_RegisterCb_DelFaceInfo","NET_TV_SERVER_RegisterCb_DelFaceInfo.html"
"callback_detail","callback_index","NET_TV_SERVER_RegisterCb_DelTargetLib","NET_TV_SERVER_RegisterCb_DelTargetLib","NET_TV_SERVER_RegisterCb_DelTargetLib.html"
"callback_detail","callback_index","NET_TV_SERVER_RegisterCb_DisconnectWifiSta","NET_TV_SERVER_RegisterCb_DisconnectWifiSta","NET_TV_SERVER_RegisterCb_DisconnectWifiSta.html"
"callback_detail","callback_index","NET_TV_SERVER_RegisterCb_DownloadRecordFile","NET_TV_SERVER_RegisterCb_DownloadRecordFile","NET_TV_SERVER_RegisterCb_DownloadRecordFile.html"
"callback_detail","callback_index","NET_TV_SERVER_RegisterCb_ExportLog","NET_TV_SERVER_RegisterCb_ExportLog","NET_TV_SERVER_RegisterCb_ExportLog.html"
"callback_detail","callback_index","NET_TV_SERVER_RegisterCb_FindLog","NET_TV_SERVER_RegisterCb_FindLog","NET_TV_SERVER_RegisterCb_FindLog.html"
"callback_detail","callback_index","NET_TV_SERVER_RegisterCb_FindRecordFileInfo","NET_TV_SERVER_RegisterCb_FindRecordFileInfo","NET_TV_SERVER_RegisterCb_FindRecordFileInfo.html"
"callback_detail","callback_index","NET_TV_SERVER_RegisterCb_Get4GInfo","NET_TV_SERVER_RegisterCb_Get4GInfo","NET_TV_SERVER_RegisterCb_Get4GInfo.html"
"callback_detail","callback_index","NET_TV_SERVER_RegisterCb_GetAudioAnomalyAlarm","NET_TV_SERVER_RegisterCb_GetAudioAnomalyAlarm","NET_TV_SERVER_RegisterCb_GetAudioAnomalyAlarm.html"
"callback_detail","callback_index","NET_TV_SERVER_RegisterCb_GetAudioCfg","NET_TV_SERVER_RegisterCb_GetAudioCfg","NET_TV_SERVER_RegisterCb_GetAudioCfg.html"
"callback_detail","callback_index","NET_TV_SERVER_RegisterCb_GetAudioEncodeCap","NET_TV_SERVER_RegisterCb_GetAudioEncodeCap","NET_TV_SERVER_RegisterCb_GetAudioEncodeCap.html"
"callback_detail","callback_index","NET_TV_SERVER_RegisterCb_GetBackLightInfo","NET_TV_SERVER_RegisterCb_GetBackLightInfo","NET_TV_SERVER_RegisterCb_GetBackLightInfo.html"
"callback_detail","callback_index","NET_TV_SERVER_RegisterCb_GetBareSoilCfg","NET_TV_SERVER_RegisterCb_GetBareSoilCfg","NET_TV_SERVER_RegisterCb_GetBareSoilCfg.html"
"callback_detail","callback_index","NET_TV_SERVER_RegisterCb_GetCaptureParamInfo","NET_TV_SERVER_RegisterCb_GetCaptureParamInfo","NET_TV_SERVER_RegisterCb_GetCaptureParamInfo.html"
"callback_detail","callback_index","NET_TV_SERVER_RegisterCb_GetCapturePlanInfo","NET_TV_SERVER_RegisterCb_GetCapturePlanInfo","NET_TV_SERVER_RegisterCb_GetCapturePlanInfo.html"
"callback_detail","callback_index","NET_TV_SERVER_RegisterCb_GetChannelInfo","NET_TV_SERVER_RegisterCb_GetChannelInfo","NET_TV_SERVER_RegisterCb_GetChannelInfo.html"
"callback_detail","callback_index","NET_TV_SERVER_RegisterCb_GetChannelList","NET_TV_SERVER_RegisterCb_GetChannelList","NET_TV_SERVER_RegisterCb_GetChannelList.html"
"callback_detail","callback_index","NET_TV_SERVER_RegisterCb_GetClimbFenceInfo","NET_TV_SERVER_RegisterCb_GetClimbFenceInfo","NET_TV_SERVER_RegisterCb_GetClimbFenceInfo.html"
"callback_detail","callback_index","NET_TV_SERVER_RegisterCb_GetCongestionCfg","NET_TV_SERVER_RegisterCb_GetCongestionCfg","NET_TV_SERVER_RegisterCb_GetCongestionCfg.html"
"callback_detail","callback_index","NET_TV_SERVER_RegisterCb_GetConstructionOccupyRoadCfg","NET_TV_SERVER_RegisterCb_GetConstructionOccupyRoadCfg","NET_TV_SERVER_RegisterCb_GetConstructionOccupyRoadCfg.html"
"callback_detail","callback_index","NET_TV_SERVER_RegisterCb_GetCrossLineAlarm","NET_TV_SERVER_RegisterCb_GetCrossLineAlarm","NET_TV_SERVER_RegisterCb_GetCrossLineAlarm.html"
"callback_detail","callback_index","NET_TV_SERVER_RegisterCb_GetCrowGatheringAlarm","NET_TV_SERVER_RegisterCb_GetCrowGatheringAlarm","NET_TV_SERVER_RegisterCb_GetCrowGatheringAlarm.html"
"callback_detail","callback_index","NET_TV_SERVER_RegisterCb_GetDayNightInfo","NET_TV_SERVER_RegisterCb_GetDayNightInfo","NET_TV_SERVER_RegisterCb_GetDayNightInfo.html"
"callback_detail","callback_index","NET_TV_SERVER_RegisterCb_GetDenoiseInfo","NET_TV_SERVER_RegisterCb_GetDenoiseInfo","NET_TV_SERVER_RegisterCb_GetDenoiseInfo.html"
"callback_detail","callback_index","NET_TV_SERVER_RegisterCb_GetDevConfig","NET_TV_SERVER_RegisterCb_GetDevConfig","NET_TV_SERVER_RegisterCb_GetDevConfig.html"
"callback_detail","callback_index","NET_TV_SERVER_RegisterCb_GetDeviceCfg","NET_TV_SERVER_RegisterCb_GetDeviceCfg","NET_TV_SERVER_RegisterCb_GetDeviceCfg.html"
"callback_detail","callback_index","NET_TV_SERVER_RegisterCb_GetDeviceInfo","NET_TV_SERVER_RegisterCb_GetDeviceInfo","NET_TV_SERVER_RegisterCb_GetDeviceInfo.html"
"callback_detail","callback_index","NET_TV_SERVER_RegisterCb_GetDimissionInfo","NET_TV_SERVER_RegisterCb_GetDimissionInfo","NET_TV_SERVER_RegisterCb_GetDimissionInfo.html"
"callback_detail","callback_index","NET_TV_SERVER_RegisterCb_GetDiscoveryDeviceInfo","NET_TV_SERVER_RegisterCb_GetDiscoveryDeviceInfo","NET_TV_SERVER_RegisterCb_GetDiscoveryDeviceInfo.html"
"callback_detail","callback_index","NET_TV_SERVER_RegisterCb_GetElectricVehicleInElevatorCfg","NET_TV_SERVER_RegisterCb_GetElectricVehicleInElevatorCfg","NET_TV_SERVER_RegisterCb_GetElectricVehicleInElevatorCfg.html"
"callback_detail","callback_index","NET_TV_SERVER_RegisterCb_GetEnterRegionAlarm","NET_TV_SERVER_RegisterCb_GetEnterRegionAlarm","NET_TV_SERVER_RegisterCb_GetEnterRegionAlarm.html"
"callback_detail","callback_index","NET_TV_SERVER_RegisterCb_GetExposureInfo","NET_TV_SERVER_RegisterCb_GetExposureInfo","NET_TV_SERVER_RegisterCb_GetExposureInfo.html"
"callback_detail","callback_index","NET_TV_SERVER_RegisterCb_GetFaceCaptureInfo","NET_TV_SERVER_RegisterCb_GetFaceCaptureInfo","NET_TV_SERVER_RegisterCb_GetFaceCaptureInfo.html"
"callback_detail","callback_index","NET_TV_SERVER_RegisterCb_GetFaceInfo","NET_TV_SERVER_RegisterCb_GetFaceInfo","NET_TV_SERVER_RegisterCb_GetFaceInfo.html"
"callback_detail","callback_index","NET_TV_SERVER_RegisterCb_GetGarbageExposureCfg","NET_TV_SERVER_RegisterCb_GetGarbageExposureCfg","NET_TV_SERVER_RegisterCb_GetGarbageExposureCfg.html"
"callback_detail","callback_index","NET_TV_SERVER_RegisterCb_GetGarbageOverflowCfg","NET_TV_SERVER_RegisterCb_GetGarbageOverflowCfg","NET_TV_SERVER_RegisterCb_GetGarbageOverflowCfg.html"
"callback_detail","callback_index","NET_TV_SERVER_RegisterCb_GetHighAltitudeSeatbeltCfg","NET_TV_SERVER_RegisterCb_GetHighAltitudeSeatbeltCfg","NET_TV_SERVER_RegisterCb_GetHighAltitudeSeatbeltCfg.html"
"callback_detail","callback_index","NET_TV_SERVER_RegisterCb_GetHoleProtectionBarCfg","NET_TV_SERVER_RegisterCb_GetHoleProtectionBarCfg","NET_TV_SERVER_RegisterCb_GetHoleProtectionBarCfg.html"
"callback_detail","callback_index","NET_TV_SERVER_RegisterCb_GetHotspotConn","NET_TV_SERVER_RegisterCb_GetHotspotConn","NET_TV_SERVER_RegisterCb_GetHotspotConn.html"
"callback_detail","callback_index","NET_TV_SERVER_RegisterCb_GetIllegalLaneInfo","NET_TV_SERVER_RegisterCb_GetIllegalLaneInfo","NET_TV_SERVER_RegisterCb_GetIllegalLaneInfo.html"
"callback_detail","callback_index","NET_TV_SERVER_RegisterCb_GetImageCfg","NET_TV_SERVER_RegisterCb_GetImageCfg","NET_TV_SERVER_RegisterCb_GetImageCfg.html"
"callback_detail","callback_index","NET_TV_SERVER_RegisterCb_GetIntrusionAlarm","NET_TV_SERVER_RegisterCb_GetIntrusionAlarm","NET_TV_SERVER_RegisterCb_GetIntrusionAlarm.html"
"callback_detail","callback_index","NET_TV_SERVER_RegisterCb_GetLeaveRegionAlarm","NET_TV_SERVER_RegisterCb_GetLeaveRegionAlarm","NET_TV_SERVER_RegisterCb_GetLeaveRegionAlarm.html"
"callback_detail","callback_index","NET_TV_SERVER_RegisterCb_GetLicensePlateRecognitionCfg","NET_TV_SERVER_RegisterCb_GetLicensePlateRecognitionCfg","NET_TV_SERVER_RegisterCb_GetLicensePlateRecognitionCfg.html"
"callback_detail","callback_index","NET_TV_SERVER_RegisterCb_GetLogServer","NET_TV_SERVER_RegisterCb_GetLogServer","NET_TV_SERVER_RegisterCb_GetLogServer.html"
"callback_detail","callback_index","NET_TV_SERVER_RegisterCb_GetLoiteringAlarm","NET_TV_SERVER_RegisterCb_GetLoiteringAlarm","NET_TV_SERVER_RegisterCb_GetLoiteringAlarm.html"
"callback_detail","callback_index","NET_TV_SERVER_RegisterCb_GetManholeCoverAbnormalCfg","NET_TV_SERVER_RegisterCb_GetManholeCoverAbnormalCfg","NET_TV_SERVER_RegisterCb_GetManholeCoverAbnormalCfg.html"
"callback_detail","callback_index","NET_TV_SERVER_RegisterCb_GetMotionAlarm","NET_TV_SERVER_RegisterCb_GetMotionAlarm","NET_TV_SERVER_RegisterCb_GetMotionAlarm.html"
"callback_detail","callback_index","NET_TV_SERVER_RegisterCb_GetNetworkCfg","NET_TV_SERVER_RegisterCb_GetNetworkCfg","NET_TV_SERVER_RegisterCb_GetNetworkCfg.html"
"callback_detail","callback_index","NET_TV_SERVER_RegisterCb_GetNonmotorVehicleIntrusionInfo","NET_TV_SERVER_RegisterCb_GetNonmotorVehicleIntrusionInfo","NET_TV_SERVER_RegisterCb_GetNonmotorVehicleIntrusionInfo.html"
"callback_detail","callback_index","NET_TV_SERVER_RegisterCb_GetNtpCfg","NET_TV_SERVER_RegisterCb_GetNtpCfg","NET_TV_SERVER_RegisterCb_GetNtpCfg.html"
"callback_detail","callback_index","NET_TV_SERVER_RegisterCb_GetObjectRemovalAlarm","NET_TV_SERVER_RegisterCb_GetObjectRemovalAlarm","NET_TV_SERVER_RegisterCb_GetObjectRemovalAlarm.html"
"callback_detail","callback_index","NET_TV_SERVER_RegisterCb_GetOccupationEmergencyInfo","NET_TV_SERVER_RegisterCb_GetOccupationEmergencyInfo","NET_TV_SERVER_RegisterCb_GetOccupationEmergencyInfo.html"
"callback_detail","callback_index","NET_TV_SERVER_RegisterCb_GetOpenFlameCfg","NET_TV_SERVER_RegisterCb_GetOpenFlameCfg","NET_TV_SERVER_RegisterCb_GetOpenFlameCfg.html"
"callback_detail","callback_index","NET_TV_SERVER_RegisterCb_GetOsdCap","NET_TV_SERVER_RegisterCb_GetOsdCap","NET_TV_SERVER_RegisterCb_GetOsdCap.html"
"callback_detail","callback_index","NET_TV_SERVER_RegisterCb_GetOsdCapCfg","NET_TV_SERVER_RegisterCb_GetOsdCapCfg","NET_TV_SERVER_RegisterCb_GetOsdCapCfg.html"
"callback_detail","callback_index","NET_TV_SERVER_RegisterCb_GetParkingAlarm","NET_TV_SERVER_RegisterCb_GetParkingAlarm","NET_TV_SERVER_RegisterCb_GetParkingAlarm.html"
"callback_detail","callback_index","NET_TV_SERVER_RegisterCb_GetPedestrianIntrusionInfo","NET_TV_SERVER_RegisterCb_GetPedestrianIntrusionInfo","NET_TV_SERVER_RegisterCb_GetPedestrianIntrusionInfo.html"
"callback_detail","callback_index","NET_TV_SERVER_RegisterCb_GetPeopleDensityDetectionCfg","NET_TV_SERVER_RegisterCb_GetPeopleDensityDetectionCfg","NET_TV_SERVER_RegisterCb_GetPeopleDensityDetectionCfg.html"
"callback_detail","callback_index","NET_TV_SERVER_RegisterCb_GetPeopleFlowStatisticsCfg","NET_TV_SERVER_RegisterCb_GetPeopleFlowStatisticsCfg","NET_TV_SERVER_RegisterCb_GetPeopleFlowStatisticsCfg.html"
"callback_detail","callback_index","NET_TV_SERVER_RegisterCb_GetPersonFallCfg","NET_TV_SERVER_RegisterCb_GetPersonFallCfg","NET_TV_SERVER_RegisterCb_GetPersonFallCfg.html"
"callback_detail","callback_index","NET_TV_SERVER_RegisterCb_GetPersonFallDownCfg","NET_TV_SERVER_RegisterCb_GetPersonFallDownCfg","NET_TV_SERVER_RegisterCb_GetPersonFallDownCfg.html"
"callback_detail","callback_index","NET_TV_SERVER_RegisterCb_GetPetRecognitionInfo","NET_TV_SERVER_RegisterCb_GetPetRecognitionInfo","NET_TV_SERVER_RegisterCb_GetPetRecognitionInfo.html"
"callback_detail","callback_index","NET_TV_SERVER_RegisterCb_GetPhoneUsageCfg","NET_TV_SERVER_RegisterCb_GetPhoneUsageCfg","NET_TV_SERVER_RegisterCb_GetPhoneUsageCfg.html"
"callback_detail","callback_index","NET_TV_SERVER_RegisterCb_GetPreviewInfo","NET_TV_SERVER_RegisterCb_GetPreviewInfo","NET_TV_SERVER_RegisterCb_GetPreviewInfo.html"
"callback_detail","callback_index","NET_TV_SERVER_RegisterCb_GetPrivacyMaskCfg","NET_TV_SERVER_RegisterCb_GetPrivacyMaskCfg","NET_TV_SERVER_RegisterCb_GetPrivacyMaskCfg.html"
"callback_detail","callback_index","NET_TV_SERVER_RegisterCb_GetRecordAdvancedParam","NET_TV_SERVER_RegisterCb_GetRecordAdvancedParam","NET_TV_SERVER_RegisterCb_GetRecordAdvancedParam.html"
"callback_detail","callback_index","NET_TV_SERVER_RegisterCb_GetRecordSchedule","NET_TV_SERVER_RegisterCb_GetRecordSchedule","NET_TV_SERVER_RegisterCb_GetRecordSchedule.html"
"callback_detail","callback_index","NET_TV_SERVER_RegisterCb_GetRecordStatus","NET_TV_SERVER_RegisterCb_GetRecordStatus","NET_TV_SERVER_RegisterCb_GetRecordStatus.html"
"callback_detail","callback_index","NET_TV_SERVER_RegisterCb_GetReflectiveClothingCfg","NET_TV_SERVER_RegisterCb_GetReflectiveClothingCfg","NET_TV_SERVER_RegisterCb_GetReflectiveClothingCfg.html"
"callback_detail","callback_index","NET_TV_SERVER_RegisterCb_GetReplayRecordList","NET_TV_SERVER_RegisterCb_GetReplayRecordList","NET_TV_SERVER_RegisterCb_GetReplayRecordList.html"
"callback_detail","callback_index","NET_TV_SERVER_RegisterCb_GetReplayUrl","NET_TV_SERVER_RegisterCb_GetReplayUrl","NET_TV_SERVER_RegisterCb_GetReplayUrl.html"
"callback_detail","callback_index","NET_TV_SERVER_RegisterCb_GetRetrogradeInfo","NET_TV_SERVER_RegisterCb_GetRetrogradeInfo","NET_TV_SERVER_RegisterCb_GetRetrogradeInfo.html"
"callback_detail","callback_index","NET_TV_SERVER_RegisterCb_GetRoadPondingCfg","NET_TV_SERVER_RegisterCb_GetRoadPondingCfg","NET_TV_SERVER_RegisterCb_GetRoadPondingCfg.html"
"callback_detail","callback_index","NET_TV_SERVER_RegisterCb_GetRtspUrl","NET_TV_SERVER_RegisterCb_GetRtspUrl","NET_TV_SERVER_RegisterCb_GetRtspUrl.html"
"callback_detail","callback_index","NET_TV_SERVER_RegisterCb_GetSafetyHelmetCfg","NET_TV_SERVER_RegisterCb_GetSafetyHelmetCfg","NET_TV_SERVER_RegisterCb_GetSafetyHelmetCfg.html"
"callback_detail","callback_index","NET_TV_SERVER_RegisterCb_GetSceneChangeAlarm","NET_TV_SERVER_RegisterCb_GetSceneChangeAlarm","NET_TV_SERVER_RegisterCb_GetSceneChangeAlarm.html"
"callback_detail","callback_index","NET_TV_SERVER_RegisterCb_GetSecurityServicesInfo","NET_TV_SERVER_RegisterCb_GetSecurityServicesInfo","NET_TV_SERVER_RegisterCb_GetSecurityServicesInfo.html"
"callback_detail","callback_index","NET_TV_SERVER_RegisterCb_GetSleepOnDutyCfg","NET_TV_SERVER_RegisterCb_GetSleepOnDutyCfg","NET_TV_SERVER_RegisterCb_GetSleepOnDutyCfg.html"
"callback_detail","callback_index","NET_TV_SERVER_RegisterCb_GetSmokeFireCfg","NET_TV_SERVER_RegisterCb_GetSmokeFireCfg","NET_TV_SERVER_RegisterCb_GetSmokeFireCfg.html"
"callback_detail","callback_index","NET_TV_SERVER_RegisterCb_GetSmokingCfg","NET_TV_SERVER_RegisterCb_GetSmokingCfg","NET_TV_SERVER_RegisterCb_GetSmokingCfg.html"
"callback_detail","callback_index","NET_TV_SERVER_RegisterCb_GetSshCountdown","NET_TV_SERVER_RegisterCb_GetSshCountdown","NET_TV_SERVER_RegisterCb_GetSshCountdown.html"
"callback_detail","callback_index","NET_TV_SERVER_RegisterCb_GetStreamCfg","NET_TV_SERVER_RegisterCb_GetStreamCfg","NET_TV_SERVER_RegisterCb_GetStreamCfg.html"
"callback_detail","callback_index","NET_TV_SERVER_RegisterCb_GetTalkbackFromStream","NET_TV_SERVER_RegisterCb_GetTalkbackFromStream","NET_TV_SERVER_RegisterCb_GetTalkbackFromStream.html"
"callback_detail","callback_index","NET_TV_SERVER_RegisterCb_GetTamperAlarm","NET_TV_SERVER_RegisterCb_GetTamperAlarm","NET_TV_SERVER_RegisterCb_GetTamperAlarm.html"
"callback_detail","callback_index","NET_TV_SERVER_RegisterCb_GetTargetLib","NET_TV_SERVER_RegisterCb_GetTargetLib","NET_TV_SERVER_RegisterCb_GetTargetLib.html"
"callback_detail","callback_index","NET_TV_SERVER_RegisterCb_GetUnattendedObjectAlarm","NET_TV_SERVER_RegisterCb_GetUnattendedObjectAlarm","NET_TV_SERVER_RegisterCb_GetUnattendedObjectAlarm.html"
"callback_detail","callback_index","NET_TV_SERVER_RegisterCb_GetUpgradeStatus","NET_TV_SERVER_RegisterCb_GetUpgradeStatus","NET_TV_SERVER_RegisterCb_GetUpgradeStatus.html"
"callback_detail","callback_index","NET_TV_SERVER_RegisterCb_GetUpgradeVersion","NET_TV_SERVER_RegisterCb_GetUpgradeVersion","NET_TV_SERVER_RegisterCb_GetUpgradeVersion.html"
"callback_detail","callback_index","NET_TV_SERVER_RegisterCb_GetVideoEncodeCap","NET_TV_SERVER_RegisterCb_GetVideoEncodeCap","NET_TV_SERVER_RegisterCb_GetVideoEncodeCap.html"
"callback_detail","callback_index","NET_TV_SERVER_RegisterCb_GetWhiteBalanceInfo","NET_TV_SERVER_RegisterCb_GetWhiteBalanceInfo","NET_TV_SERVER_RegisterCb_GetWhiteBalanceInfo.html"
"callback_detail","callback_index","NET_TV_SERVER_RegisterCb_ResetPeopleFlowStatistics","NET_TV_SERVER_RegisterCb_ResetPeopleFlowStatistics","NET_TV_SERVER_RegisterCb_ResetPeopleFlowStatistics.html"
"callback_detail","callback_index","NET_TV_SERVER_RegisterCb_Set4GInfo","NET_TV_SERVER_RegisterCb_Set4GInfo","NET_TV_SERVER_RegisterCb_Set4GInfo.html"
"callback_detail","callback_index","NET_TV_SERVER_RegisterCb_SetAudioAnomalyAlarm","NET_TV_SERVER_RegisterCb_SetAudioAnomalyAlarm","NET_TV_SERVER_RegisterCb_SetAudioAnomalyAlarm.html"
"callback_detail","callback_index","NET_TV_SERVER_RegisterCb_SetAudioCfg","NET_TV_SERVER_RegisterCb_SetAudioCfg","NET_TV_SERVER_RegisterCb_SetAudioCfg.html"
"callback_detail","callback_index","NET_TV_SERVER_RegisterCb_SetBackLightInfo","NET_TV_SERVER_RegisterCb_SetBackLightInfo","NET_TV_SERVER_RegisterCb_SetBackLightInfo.html"
"callback_detail","callback_index","NET_TV_SERVER_RegisterCb_SetBareSoilCfg","NET_TV_SERVER_RegisterCb_SetBareSoilCfg","NET_TV_SERVER_RegisterCb_SetBareSoilCfg.html"
"callback_detail","callback_index","NET_TV_SERVER_RegisterCb_SetCaptureParamInfo","NET_TV_SERVER_RegisterCb_SetCaptureParamInfo","NET_TV_SERVER_RegisterCb_SetCaptureParamInfo.html"
"callback_detail","callback_index","NET_TV_SERVER_RegisterCb_SetCapturePlanInfo","NET_TV_SERVER_RegisterCb_SetCapturePlanInfo","NET_TV_SERVER_RegisterCb_SetCapturePlanInfo.html"
"callback_detail","callback_index","NET_TV_SERVER_RegisterCb_SetClimbFenceInfo","NET_TV_SERVER_RegisterCb_SetClimbFenceInfo","NET_TV_SERVER_RegisterCb_SetClimbFenceInfo.html"
"callback_detail","callback_index","NET_TV_SERVER_RegisterCb_SetConfigWifiSta","NET_TV_SERVER_RegisterCb_SetConfigWifiSta","NET_TV_SERVER_RegisterCb_SetConfigWifiSta.html"
"callback_detail","callback_index","NET_TV_SERVER_RegisterCb_SetCongestionCfg","NET_TV_SERVER_RegisterCb_SetCongestionCfg","NET_TV_SERVER_RegisterCb_SetCongestionCfg.html"
"callback_detail","callback_index","NET_TV_SERVER_RegisterCb_SetConstructionOccupyRoadCfg","NET_TV_SERVER_RegisterCb_SetConstructionOccupyRoadCfg","NET_TV_SERVER_RegisterCb_SetConstructionOccupyRoadCfg.html"
"callback_detail","callback_index","NET_TV_SERVER_RegisterCb_SetCrossLineAlarm","NET_TV_SERVER_RegisterCb_SetCrossLineAlarm","NET_TV_SERVER_RegisterCb_SetCrossLineAlarm.html"
"callback_detail","callback_index","NET_TV_SERVER_RegisterCb_SetCrowGatheringAlarm","NET_TV_SERVER_RegisterCb_SetCrowGatheringAlarm","NET_TV_SERVER_RegisterCb_SetCrowGatheringAlarm.html"
"callback_detail","callback_index","NET_TV_SERVER_RegisterCb_SetDayNightInfo","NET_TV_SERVER_RegisterCb_SetDayNightInfo","NET_TV_SERVER_RegisterCb_SetDayNightInfo.html"
"callback_detail","callback_index","NET_TV_SERVER_RegisterCb_SetDenoiseInfo","NET_TV_SERVER_RegisterCb_SetDenoiseInfo","NET_TV_SERVER_RegisterCb_SetDenoiseInfo.html"
"callback_detail","callback_index","NET_TV_SERVER_RegisterCb_SetDevConfig","NET_TV_SERVER_RegisterCb_SetDevConfig","NET_TV_SERVER_RegisterCb_SetDevConfig.html"
"callback_detail","callback_index","NET_TV_SERVER_RegisterCb_SetDeviceCfg","NET_TV_SERVER_RegisterCb_SetDeviceCfg","NET_TV_SERVER_RegisterCb_SetDeviceCfg.html"
"callback_detail","callback_index","NET_TV_SERVER_RegisterCb_SetDimissionInfo","NET_TV_SERVER_RegisterCb_SetDimissionInfo","NET_TV_SERVER_RegisterCb_SetDimissionInfo.html"
"callback_detail","callback_index","NET_TV_SERVER_RegisterCb_SetElectricVehicleInElevatorCfg","NET_TV_SERVER_RegisterCb_SetElectricVehicleInElevatorCfg","NET_TV_SERVER_RegisterCb_SetElectricVehicleInElevatorCfg.html"
"callback_detail","callback_index","NET_TV_SERVER_RegisterCb_SetEnterRegionAlarm","NET_TV_SERVER_RegisterCb_SetEnterRegionAlarm","NET_TV_SERVER_RegisterCb_SetEnterRegionAlarm.html"
"callback_detail","callback_index","NET_TV_SERVER_RegisterCb_SetExposureInfo","NET_TV_SERVER_RegisterCb_SetExposureInfo","NET_TV_SERVER_RegisterCb_SetExposureInfo.html"
"callback_detail","callback_index","NET_TV_SERVER_RegisterCb_SetFaceCaptureInfo","NET_TV_SERVER_RegisterCb_SetFaceCaptureInfo","NET_TV_SERVER_RegisterCb_SetFaceCaptureInfo.html"
"callback_detail","callback_index","NET_TV_SERVER_RegisterCb_SetFaceCompareInfo","NET_TV_SERVER_RegisterCb_SetFaceCompareInfo","NET_TV_SERVER_RegisterCb_SetFaceCompareInfo.html"
"callback_detail","callback_index","NET_TV_SERVER_RegisterCb_SetFaceInfo","NET_TV_SERVER_RegisterCb_SetFaceInfo","NET_TV_SERVER_RegisterCb_SetFaceInfo.html"
"callback_detail","callback_index","NET_TV_SERVER_RegisterCb_SetGarbageExposureCfg","NET_TV_SERVER_RegisterCb_SetGarbageExposureCfg","NET_TV_SERVER_RegisterCb_SetGarbageExposureCfg.html"
"callback_detail","callback_index","NET_TV_SERVER_RegisterCb_SetGarbageOverflowCfg","NET_TV_SERVER_RegisterCb_SetGarbageOverflowCfg","NET_TV_SERVER_RegisterCb_SetGarbageOverflowCfg.html"
"callback_detail","callback_index","NET_TV_SERVER_RegisterCb_SetHighAltitudeSeatbeltCfg","NET_TV_SERVER_RegisterCb_SetHighAltitudeSeatbeltCfg","NET_TV_SERVER_RegisterCb_SetHighAltitudeSeatbeltCfg.html"
"callback_detail","callback_index","NET_TV_SERVER_RegisterCb_SetHoleProtectionBarCfg","NET_TV_SERVER_RegisterCb_SetHoleProtectionBarCfg","NET_TV_SERVER_RegisterCb_SetHoleProtectionBarCfg.html"
"callback_detail","callback_index","NET_TV_SERVER_RegisterCb_SetHotspotInfo","NET_TV_SERVER_RegisterCb_SetHotspotInfo","NET_TV_SERVER_RegisterCb_SetHotspotInfo.html"
"callback_detail","callback_index","NET_TV_SERVER_RegisterCb_SetIllegalLaneInfo","NET_TV_SERVER_RegisterCb_SetIllegalLaneInfo","NET_TV_SERVER_RegisterCb_SetIllegalLaneInfo.html"
"callback_detail","callback_index","NET_TV_SERVER_RegisterCb_SetImageCfg","NET_TV_SERVER_RegisterCb_SetImageCfg","NET_TV_SERVER_RegisterCb_SetImageCfg.html"
"callback_detail","callback_index","NET_TV_SERVER_RegisterCb_SetIntrusionAlarm","NET_TV_SERVER_RegisterCb_SetIntrusionAlarm","NET_TV_SERVER_RegisterCb_SetIntrusionAlarm.html"
"callback_detail","callback_index","NET_TV_SERVER_RegisterCb_SetLeaveRegionAlarm","NET_TV_SERVER_RegisterCb_SetLeaveRegionAlarm","NET_TV_SERVER_RegisterCb_SetLeaveRegionAlarm.html"
"callback_detail","callback_index","NET_TV_SERVER_RegisterCb_SetLicensePlateRecognitionCfg","NET_TV_SERVER_RegisterCb_SetLicensePlateRecognitionCfg","NET_TV_SERVER_RegisterCb_SetLicensePlateRecognitionCfg.html"
"callback_detail","callback_index","NET_TV_SERVER_RegisterCb_SetLogServer","NET_TV_SERVER_RegisterCb_SetLogServer","NET_TV_SERVER_RegisterCb_SetLogServer.html"
"callback_detail","callback_index","NET_TV_SERVER_RegisterCb_SetLoiteringAlarm","NET_TV_SERVER_RegisterCb_SetLoiteringAlarm","NET_TV_SERVER_RegisterCb_SetLoiteringAlarm.html"
"callback_detail","callback_index","NET_TV_SERVER_RegisterCb_SetManholeCoverAbnormalCfg","NET_TV_SERVER_RegisterCb_SetManholeCoverAbnormalCfg","NET_TV_SERVER_RegisterCb_SetManholeCoverAbnormalCfg.html"
"callback_detail","callback_index","NET_TV_SERVER_RegisterCb_SetMotionAlarm","NET_TV_SERVER_RegisterCb_SetMotionAlarm","NET_TV_SERVER_RegisterCb_SetMotionAlarm.html"
"callback_detail","callback_index","NET_TV_SERVER_RegisterCb_SetNetworkCfg","NET_TV_SERVER_RegisterCb_SetNetworkCfg","NET_TV_SERVER_RegisterCb_SetNetworkCfg.html"
"callback_detail","callback_index","NET_TV_SERVER_RegisterCb_SetNonmotorVehicleIntrusionInfo","NET_TV_SERVER_RegisterCb_SetNonmotorVehicleIntrusionInfo","NET_TV_SERVER_RegisterCb_SetNonmotorVehicleIntrusionInfo.html"
"callback_detail","callback_index","NET_TV_SERVER_RegisterCb_SetNtpCfg","NET_TV_SERVER_RegisterCb_SetNtpCfg","NET_TV_SERVER_RegisterCb_SetNtpCfg.html"
"callback_detail","callback_index","NET_TV_SERVER_RegisterCb_SetObjectRemovalAlarm","NET_TV_SERVER_RegisterCb_SetObjectRemovalAlarm","NET_TV_SERVER_RegisterCb_SetObjectRemovalAlarm.html"
"callback_detail","callback_index","NET_TV_SERVER_RegisterCb_SetOccupationEmergencyInfo","NET_TV_SERVER_RegisterCb_SetOccupationEmergencyInfo","NET_TV_SERVER_RegisterCb_SetOccupationEmergencyInfo.html"
"callback_detail","callback_index","NET_TV_SERVER_RegisterCb_SetOpenFlameCfg","NET_TV_SERVER_RegisterCb_SetOpenFlameCfg","NET_TV_SERVER_RegisterCb_SetOpenFlameCfg.html"
"callback_detail","callback_index","NET_TV_SERVER_RegisterCb_SetOsdCapCfg","NET_TV_SERVER_RegisterCb_SetOsdCapCfg","NET_TV_SERVER_RegisterCb_SetOsdCapCfg.html"
"callback_detail","callback_index","NET_TV_SERVER_RegisterCb_SetParkingAlarm","NET_TV_SERVER_RegisterCb_SetParkingAlarm","NET_TV_SERVER_RegisterCb_SetParkingAlarm.html"
"callback_detail","callback_index","NET_TV_SERVER_RegisterCb_SetPedestrianIntrusionInfo","NET_TV_SERVER_RegisterCb_SetPedestrianIntrusionInfo","NET_TV_SERVER_RegisterCb_SetPedestrianIntrusionInfo.html"
"callback_detail","callback_index","NET_TV_SERVER_RegisterCb_SetPeopleDensityDetectionCfg","NET_TV_SERVER_RegisterCb_SetPeopleDensityDetectionCfg","NET_TV_SERVER_RegisterCb_SetPeopleDensityDetectionCfg.html"
"callback_detail","callback_index","NET_TV_SERVER_RegisterCb_SetPeopleFlowStatisticsCfg","NET_TV_SERVER_RegisterCb_SetPeopleFlowStatisticsCfg","NET_TV_SERVER_RegisterCb_SetPeopleFlowStatisticsCfg.html"
"callback_detail","callback_index","NET_TV_SERVER_RegisterCb_SetPersonFallCfg","NET_TV_SERVER_RegisterCb_SetPersonFallCfg","NET_TV_SERVER_RegisterCb_SetPersonFallCfg.html"
"callback_detail","callback_index","NET_TV_SERVER_RegisterCb_SetPersonFallDownCfg","NET_TV_SERVER_RegisterCb_SetPersonFallDownCfg","NET_TV_SERVER_RegisterCb_SetPersonFallDownCfg.html"
"callback_detail","callback_index","NET_TV_SERVER_RegisterCb_SetPetRecognitionInfo","NET_TV_SERVER_RegisterCb_SetPetRecognitionInfo","NET_TV_SERVER_RegisterCb_SetPetRecognitionInfo.html"
"callback_detail","callback_index","NET_TV_SERVER_RegisterCb_SetPhoneUsageCfg","NET_TV_SERVER_RegisterCb_SetPhoneUsageCfg","NET_TV_SERVER_RegisterCb_SetPhoneUsageCfg.html"
"callback_detail","callback_index","NET_TV_SERVER_RegisterCb_SetPreviewInfo","NET_TV_SERVER_RegisterCb_SetPreviewInfo","NET_TV_SERVER_RegisterCb_SetPreviewInfo.html"
"callback_detail","callback_index","NET_TV_SERVER_RegisterCb_SetPrivacyMaskCfg","NET_TV_SERVER_RegisterCb_SetPrivacyMaskCfg","NET_TV_SERVER_RegisterCb_SetPrivacyMaskCfg.html"
"callback_detail","callback_index","NET_TV_SERVER_RegisterCb_SetRecordAdvancedParam","NET_TV_SERVER_RegisterCb_SetRecordAdvancedParam","NET_TV_SERVER_RegisterCb_SetRecordAdvancedParam.html"
"callback_detail","callback_index","NET_TV_SERVER_RegisterCb_SetRecordSchedule","NET_TV_SERVER_RegisterCb_SetRecordSchedule","NET_TV_SERVER_RegisterCb_SetRecordSchedule.html"
"callback_detail","callback_index","NET_TV_SERVER_RegisterCb_SetReflectiveClothingCfg","NET_TV_SERVER_RegisterCb_SetReflectiveClothingCfg","NET_TV_SERVER_RegisterCb_SetReflectiveClothingCfg.html"
"callback_detail","callback_index","NET_TV_SERVER_RegisterCb_SetReplayTalkback","NET_TV_SERVER_RegisterCb_SetReplayTalkback","NET_TV_SERVER_RegisterCb_SetReplayTalkback.html"
"callback_detail","callback_index","NET_TV_SERVER_RegisterCb_SetRetrogradeInfo","NET_TV_SERVER_RegisterCb_SetRetrogradeInfo","NET_TV_SERVER_RegisterCb_SetRetrogradeInfo.html"
"callback_detail","callback_index","NET_TV_SERVER_RegisterCb_SetRoadPondingCfg","NET_TV_SERVER_RegisterCb_SetRoadPondingCfg","NET_TV_SERVER_RegisterCb_SetRoadPondingCfg.html"
"callback_detail","callback_index","NET_TV_SERVER_RegisterCb_SetSafetyHelmetCfg","NET_TV_SERVER_RegisterCb_SetSafetyHelmetCfg","NET_TV_SERVER_RegisterCb_SetSafetyHelmetCfg.html"
"callback_detail","callback_index","NET_TV_SERVER_RegisterCb_SetSceneChangeAlarm","NET_TV_SERVER_RegisterCb_SetSceneChangeAlarm","NET_TV_SERVER_RegisterCb_SetSceneChangeAlarm.html"
"callback_detail","callback_index","NET_TV_SERVER_RegisterCb_SetSecurityServicesInfo","NET_TV_SERVER_RegisterCb_SetSecurityServicesInfo","NET_TV_SERVER_RegisterCb_SetSecurityServicesInfo.html"
"callback_detail","callback_index","NET_TV_SERVER_RegisterCb_SetSleepOnDutyCfg","NET_TV_SERVER_RegisterCb_SetSleepOnDutyCfg","NET_TV_SERVER_RegisterCb_SetSleepOnDutyCfg.html"
"callback_detail","callback_index","NET_TV_SERVER_RegisterCb_SetSmokeFireCfg","NET_TV_SERVER_RegisterCb_SetSmokeFireCfg","NET_TV_SERVER_RegisterCb_SetSmokeFireCfg.html"
"callback_detail","callback_index","NET_TV_SERVER_RegisterCb_SetSmokingCfg","NET_TV_SERVER_RegisterCb_SetSmokingCfg","NET_TV_SERVER_RegisterCb_SetSmokingCfg.html"
"callback_detail","callback_index","NET_TV_SERVER_RegisterCb_SetStreamCfg","NET_TV_SERVER_RegisterCb_SetStreamCfg","NET_TV_SERVER_RegisterCb_SetStreamCfg.html"
"callback_detail","callback_index","NET_TV_SERVER_RegisterCb_SetTalkbackState","NET_TV_SERVER_RegisterCb_SetTalkbackState","NET_TV_SERVER_RegisterCb_SetTalkbackState.html"
"callback_detail","callback_index","NET_TV_SERVER_RegisterCb_SetTalkbackToStream","NET_TV_SERVER_RegisterCb_SetTalkbackToStream","NET_TV_SERVER_RegisterCb_SetTalkbackToStream.html"
"callback_detail","callback_index","NET_TV_SERVER_RegisterCb_SetTamperAlarm","NET_TV_SERVER_RegisterCb_SetTamperAlarm","NET_TV_SERVER_RegisterCb_SetTamperAlarm.html"
"callback_detail","callback_index","NET_TV_SERVER_RegisterCb_SetTargetLib","NET_TV_SERVER_RegisterCb_SetTargetLib","NET_TV_SERVER_RegisterCb_SetTargetLib.html"
"callback_detail","callback_index","NET_TV_SERVER_RegisterCb_SetUnattendedObjectAlarm","NET_TV_SERVER_RegisterCb_SetUnattendedObjectAlarm","NET_TV_SERVER_RegisterCb_SetUnattendedObjectAlarm.html"
"callback_detail","callback_index","NET_TV_SERVER_RegisterCb_SetUpgrade","NET_TV_SERVER_RegisterCb_SetUpgrade","NET_TV_SERVER_RegisterCb_SetUpgrade.html"
"callback_detail","callback_index","NET_TV_SERVER_RegisterCb_SetWhiteBalanceInfo","NET_TV_SERVER_RegisterCb_SetWhiteBalanceInfo","NET_TV_SERVER_RegisterCb_SetWhiteBalanceInfo.html"
"callback_detail","callback_index","NET_TV_SERVER_RegisterCb_TestLogServer","NET_TV_SERVER_RegisterCb_TestLogServer","NET_TV_SERVER_RegisterCb_TestLogServer.html"
"callback_detail","callback_index","NET_TV_SERVER_RegisterCb_VoiceComCapture","NET_TV_SERVER_RegisterCb_VoiceComCapture","NET_TV_SERVER_RegisterCb_VoiceComCapture.html"
"callback_detail","callback_index","NET_TV_SERVER_RegisterCb_VoiceComPlay","NET_TV_SERVER_RegisterCb_VoiceComPlay","NET_TV_SERVER_RegisterCb_VoiceComPlay.html"
"callback_detail","callback_index","NET_TV_SERVER_SendVoiceComData","NET_TV_SERVER_SendVoiceComData","NET_TV_SERVER_SendVoiceComData.html"
"callback_detail","callback_index","NET_TV_SERVER_SetLogToFile","NET_TV_SERVER_SetLogToFile","NET_TV_SERVER_SetLogToFile.html"
"callback_detail","callback_index","NET_TV_SERVER_SetUserPasswd","NET_TV_SERVER_SetUserPasswd","NET_TV_SERVER_SetUserPasswd.html"
"callback_detail","callback_index","NET_TV_SERVER_StartVoiceComServer","NET_TV_SERVER_StartVoiceComServer","NET_TV_SERVER_StartVoiceComServer.html"
"callback_detail","callback_index","NET_TV_SERVER_StopVoiceComServer","NET_TV_SERVER_StopVoiceComServer","NET_TV_SERVER_StopVoiceComServer.html"
"struct","","NET_TV_4G_INFO_S","NET_TV_4G_INFO_S","NET_TV_4G_INFO_S.html"
"struct","","NET_TV_AI_SIMPLE_RULE_S","NET_TV_AI_SIMPLE_RULE_S","NET_TV_AI_SIMPLE_RULE_S.html"
"struct","","NET_TV_ALARM_AI_OBJECT_INFO_S","NET_TV_ALARM_AI_OBJECT_INFO_S","NET_TV_ALARM_AI_OBJECT_INFO_S.html"
"struct","","NET_TV_ALARM_BASIC_INFO_S","NET_TV_ALARM_BASIC_INFO_S","NET_TV_ALARM_BASIC_INFO_S.html"
"struct","","NET_TV_ALARM_EXCEPTION_INFO_S","NET_TV_ALARM_EXCEPTION_INFO_S","NET_TV_ALARM_EXCEPTION_INFO_S.html"
"struct","","NET_TV_ALARM_FACE_COMPARE_INFO_S","NET_TV_ALARM_FACE_COMPARE_INFO_S","NET_TV_ALARM_FACE_COMPARE_INFO_S.html"
"struct","","NET_TV_ALARM_PLATE_INFO_S","NET_TV_ALARM_PLATE_INFO_S","NET_TV_ALARM_PLATE_INFO_S.html"
"struct","","NET_TV_ALARM_RULE_INFO_S","NET_TV_ALARM_RULE_INFO_S","NET_TV_ALARM_RULE_INFO_S.html"
"struct","","NET_TV_ALARM_SCHEDULE_S","NET_TV_ALARM_SCHEDULE_S","NET_TV_ALARM_SCHEDULE_S.html"
"struct","","NET_TV_ALARM_STATISTICS_INFO_S","NET_TV_ALARM_STATISTICS_INFO_S","NET_TV_ALARM_STATISTICS_INFO_S.html"
"struct","","NET_TV_ALARM_STATISTICS_TARGET_S","NET_TV_ALARM_STATISTICS_TARGET_S","NET_TV_ALARM_STATISTICS_TARGET_S.html"
"struct","","NET_TV_ALARMER_S","NET_TV_ALARMER_S","NET_TV_ALARMER_S.html"
"struct","","NET_TV_AUDIO_ANOMALY_ALARM_INFO_S","NET_TV_AUDIO_ANOMALY_ALARM_INFO_S","NET_TV_AUDIO_ANOMALY_ALARM_INFO_S.html"
"struct","","NET_TV_AUDIO_ANOMALY_CAP_S","NET_TV_AUDIO_ANOMALY_CAP_S","NET_TV_AUDIO_ANOMALY_CAP_S.html"
"struct","","NET_TV_AUDIO_CAP_S","NET_TV_AUDIO_CAP_S","NET_TV_AUDIO_CAP_S.html"
"struct","","NET_TV_AUDIO_CFG_S","NET_TV_AUDIO_CFG_S","NET_TV_AUDIO_CFG_S.html"
"struct","","NET_TV_AUDIO_FORMAT_CAP_S","NET_TV_AUDIO_FORMAT_CAP_S","NET_TV_AUDIO_FORMAT_CAP_S.html"
"struct","","NET_TV_AUDIO_RANGE_S","NET_TV_AUDIO_RANGE_S","NET_TV_AUDIO_RANGE_S.html"
"struct","","NET_TV_BACKLIGHT_INFO_S","NET_TV_BACKLIGHT_INFO_S","NET_TV_BACKLIGHT_INFO_S.html"
"struct","","NET_TV_BARE_SOIL_CFG_S","NET_TV_BARE_SOIL_CFG_S","NET_TV_BARE_SOIL_CFG_S.html"
"struct","","NET_TV_BEHAVIOR_DETECT_CAP_S","NET_TV_BEHAVIOR_DETECT_CAP_S","NET_TV_BEHAVIOR_DETECT_CAP_S.html"
"struct","","NET_TV_BOUNDARY_DETECT_CAP_S","NET_TV_BOUNDARY_DETECT_CAP_S","NET_TV_BOUNDARY_DETECT_CAP_S.html"
"struct","","NET_TV_BOUNDARY_PLANE_S","NET_TV_BOUNDARY_PLANE_S","NET_TV_BOUNDARY_PLANE_S.html"
"struct","","NET_TV_CAPTURE_CONFIG_S","NET_TV_CAPTURE_CONFIG_S","NET_TV_CAPTURE_CONFIG_S.html"
"struct","","NET_TV_CAPTURE_DAY_SCHEDULE_S","NET_TV_CAPTURE_DAY_SCHEDULE_S","NET_TV_CAPTURE_DAY_SCHEDULE_S.html"
"struct","","NET_TV_CAPTURE_INFO_S","NET_TV_CAPTURE_INFO_S","NET_TV_CAPTURE_INFO_S.html"
"struct","","NET_TV_CAPTURE_PARAM_INFO_S","NET_TV_CAPTURE_PARAM_INFO_S","NET_TV_CAPTURE_PARAM_INFO_S.html"
"struct","","NET_TV_CAPTURE_PLAN_INFO_S","NET_TV_CAPTURE_PLAN_INFO_S","NET_TV_CAPTURE_PLAN_INFO_S.html"
"struct","","NET_TV_CAPTURE_TIME_S","NET_TV_CAPTURE_TIME_S","NET_TV_CAPTURE_TIME_S.html"
"struct","","NET_TV_CHANNEL_INFO_S","NET_TV_CHANNEL_INFO_S","NET_TV_CHANNEL_INFO_S.html"
"struct","","NET_TV_CHANNEL_LIST_S","NET_TV_CHANNEL_LIST_S","NET_TV_CHANNEL_LIST_S.html"
"struct","","NET_TV_CLIMB_FENCE_INFO_S","NET_TV_CLIMB_FENCE_INFO_S","NET_TV_CLIMB_FENCE_INFO_S.html"
"struct","","NET_TV_CONGESTION_CAP_S","NET_TV_CONGESTION_CAP_S","NET_TV_CONGESTION_CAP_S.html"
"struct","","NET_TV_CONGESTION_CFG_S","NET_TV_CONGESTION_CFG_S","NET_TV_CONGESTION_CFG_S.html"
"struct","","NET_TV_CONSTRUCTION_OCCUPANCY_CAP_S","NET_TV_CONSTRUCTION_OCCUPANCY_CAP_S","NET_TV_CONSTRUCTION_OCCUPANCY_CAP_S.html"
"struct","","NET_TV_CONSTRUCTION_OCCUPY_ROAD_CFG_S","NET_TV_CONSTRUCTION_OCCUPY_ROAD_CFG_S","NET_TV_CONSTRUCTION_OCCUPY_ROAD_CFG_S.html"
"struct","","NET_TV_CROSS_LINE_ALARM_INFO_S","NET_TV_CROSS_LINE_ALARM_INFO_S","NET_TV_CROSS_LINE_ALARM_INFO_S.html"
"struct","","NET_TV_CROWD_GATHERING_ALARM_INFO_S","NET_TV_CROWD_GATHERING_ALARM_INFO_S","NET_TV_CROWD_GATHERING_ALARM_INFO_S.html"
"struct","","NET_TV_CROWD_GATHERING_CAP_S","NET_TV_CROWD_GATHERING_CAP_S","NET_TV_CROWD_GATHERING_CAP_S.html"
"struct","","NET_TV_CROWD_GATHERING_RULE_S","NET_TV_CROWD_GATHERING_RULE_S","NET_TV_CROWD_GATHERING_RULE_S.html"
"struct","","NET_TV_DAYNIGHT_INFO_S","NET_TV_DAYNIGHT_INFO_S","NET_TV_DAYNIGHT_INFO_S.html"
"struct","","NET_TV_DENOISE_INFO_S","NET_TV_DENOISE_INFO_S","NET_TV_DENOISE_INFO_S.html"
"struct","","NET_TV_DEVICE_BASICINFO_S","NET_TV_DEVICE_BASICINFO_S","NET_TV_DEVICE_BASICINFO_S.html"
"struct","","NET_TV_DEVICE_INFO_S","NET_TV_DEVICE_INFO_S","NET_TV_DEVICE_INFO_S.html"
"struct","","NET_TV_DEVICE_LOGIN_INFO_S","NET_TV_DEVICE_LOGIN_INFO_S","NET_TV_DEVICE_LOGIN_INFO_S.html"
"struct","","NET_TV_DIMISSION_INFO_S","NET_TV_DIMISSION_INFO_S","NET_TV_DIMISSION_INFO_S.html"
"struct","","NET_TV_DISCOVERY_DEVICE_INFO_S","NET_TV_DISCOVERY_DEVICE_INFO_S","NET_TV_DISCOVERY_DEVICE_INFO_S.html"
"struct","","NET_TV_ELECTRIC_VEHICLE_IN_ELEVATOR_CFG_S","NET_TV_ELECTRIC_VEHICLE_IN_ELEVATOR_CFG_S","NET_TV_ELECTRIC_VEHICLE_IN_ELEVATOR_CFG_S.html"
"struct","","NET_TV_EMERGENCY_LANE_OCCUPANCY_CAP_S","NET_TV_EMERGENCY_LANE_OCCUPANCY_CAP_S","NET_TV_EMERGENCY_LANE_OCCUPANCY_CAP_S.html"
"struct","","NET_TV_ENTER_EXIT_DETECT_CAP_S","NET_TV_ENTER_EXIT_DETECT_CAP_S","NET_TV_ENTER_EXIT_DETECT_CAP_S.html"
"struct","","NET_TV_ENTER_REGION_ALARM_INFO_S","NET_TV_ENTER_REGION_ALARM_INFO_S","NET_TV_ENTER_REGION_ALARM_INFO_S.html"
"struct","","NET_TV_ENVIRONMENT_ANOMALY_CAP_S","NET_TV_ENVIRONMENT_ANOMALY_CAP_S","NET_TV_ENVIRONMENT_ANOMALY_CAP_S.html"
"struct","","NET_TV_EXPOSURE_INFO_S","NET_TV_EXPOSURE_INFO_S","NET_TV_EXPOSURE_INFO_S.html"
"struct","","NET_TV_FACE_CAPTURE_CAP_S","NET_TV_FACE_CAPTURE_CAP_S","NET_TV_FACE_CAPTURE_CAP_S.html"
"struct","","NET_TV_FACE_CAPTURE_INFO_S","NET_TV_FACE_CAPTURE_INFO_S","NET_TV_FACE_CAPTURE_INFO_S.html"
"struct","","NET_TV_FACE_CAPTURE_REGION_S","NET_TV_FACE_CAPTURE_REGION_S","NET_TV_FACE_CAPTURE_REGION_S.html"
"struct","","NET_TV_FACE_CAPTURE_RULE_S","NET_TV_FACE_CAPTURE_RULE_S","NET_TV_FACE_CAPTURE_RULE_S.html"
"struct","","NET_TV_FACE_COMPARE_INFO_S","NET_TV_FACE_COMPARE_INFO_S","NET_TV_FACE_COMPARE_INFO_S.html"
"struct","","NET_TV_FACE_DETECT_CAP_S","NET_TV_FACE_DETECT_CAP_S","NET_TV_FACE_DETECT_CAP_S.html"
"struct","","NET_TV_FACE_ID_INFO_S","NET_TV_FACE_ID_INFO_S","NET_TV_FACE_ID_INFO_S.html"
"struct","","NET_TV_FACE_INFO_LIST_S","NET_TV_FACE_INFO_LIST_S","NET_TV_FACE_INFO_LIST_S.html"
"struct","","NET_TV_FACE_INFO_S","NET_TV_FACE_INFO_S","NET_TV_FACE_INFO_S.html"
"struct","","NET_TV_FACE_LIB_INFO_S","NET_TV_FACE_LIB_INFO_S","NET_TV_FACE_LIB_INFO_S.html"
"struct","","NET_TV_FACE_LIB_LIST_S","NET_TV_FACE_LIB_LIST_S","NET_TV_FACE_LIB_LIST_S.html"
"struct","","NET_TV_FIRE_DETECT_CAP_S","NET_TV_FIRE_DETECT_CAP_S","NET_TV_FIRE_DETECT_CAP_S.html"
"struct","","NET_TV_GARBAGE_EXPOSURE_CFG_S","NET_TV_GARBAGE_EXPOSURE_CFG_S","NET_TV_GARBAGE_EXPOSURE_CFG_S.html"
"struct","","NET_TV_GARBAGE_EXPOSURE_RULE_S","NET_TV_GARBAGE_EXPOSURE_RULE_S","NET_TV_GARBAGE_EXPOSURE_RULE_S.html"
"struct","","NET_TV_GARBAGE_OVERFLOW_CFG_S","NET_TV_GARBAGE_OVERFLOW_CFG_S","NET_TV_GARBAGE_OVERFLOW_CFG_S.html"
"struct","","NET_TV_GARBAGE_OVERFLOW_RULE_S","NET_TV_GARBAGE_OVERFLOW_RULE_S","NET_TV_GARBAGE_OVERFLOW_RULE_S.html"
"struct","","NET_TV_HIGH_ALTITUDE_SEATBELT_CFG_S","NET_TV_HIGH_ALTITUDE_SEATBELT_CFG_S","NET_TV_HIGH_ALTITUDE_SEATBELT_CFG_S.html"
"struct","","NET_TV_HOLE_PROTECTION_BAR_CFG_S","NET_TV_HOLE_PROTECTION_BAR_CFG_S","NET_TV_HOLE_PROTECTION_BAR_CFG_S.html"
"struct","","NET_TV_HOTSPOT_CONN_DEVICE_S","NET_TV_HOTSPOT_CONN_DEVICE_S","NET_TV_HOTSPOT_CONN_DEVICE_S.html"
"struct","","NET_TV_HOTSPOT_CONN_INFO_S","NET_TV_HOTSPOT_CONN_INFO_S","NET_TV_HOTSPOT_CONN_INFO_S.html"
"struct","","NET_TV_HOTSPOT_INFO_S","NET_TV_HOTSPOT_INFO_S","NET_TV_HOTSPOT_INFO_S.html"
"struct","","NET_TV_ILLEGAL_LANE_CHANGE_CAP_S","NET_TV_ILLEGAL_LANE_CHANGE_CAP_S","NET_TV_ILLEGAL_LANE_CHANGE_CAP_S.html"
"struct","","NET_TV_ILLEGAL_LANE_INFO_S","NET_TV_ILLEGAL_LANE_INFO_S","NET_TV_ILLEGAL_LANE_INFO_S.html"
"struct","","NET_TV_ILLEGAL_PARKING_CAP_S","NET_TV_ILLEGAL_PARKING_CAP_S","NET_TV_ILLEGAL_PARKING_CAP_S.html"
"struct","","NET_TV_IMAGE_SETTING_S","NET_TV_IMAGE_SETTING_S","NET_TV_IMAGE_SETTING_S.html"
"struct","","NET_TV_INTRUSION_ALARM_INFO_S","NET_TV_INTRUSION_ALARM_INFO_S","NET_TV_INTRUSION_ALARM_INFO_S.html"
"struct","","NET_TV_INTRUSION_DETECT_CAP_S","NET_TV_INTRUSION_DETECT_CAP_S","NET_TV_INTRUSION_DETECT_CAP_S.html"
"struct","","NET_TV_INTRUSION_RULE_S","NET_TV_INTRUSION_RULE_S","NET_TV_INTRUSION_RULE_S.html"
"struct","","NET_TV_LEAVE_REGION_ALARM_INFO_S","NET_TV_LEAVE_REGION_ALARM_INFO_S","NET_TV_LEAVE_REGION_ALARM_INFO_S.html"
"struct","","NET_TV_LICENSE_PLATE_CAP_S","NET_TV_LICENSE_PLATE_CAP_S","NET_TV_LICENSE_PLATE_CAP_S.html"
"struct","","NET_TV_LICENSE_PLATE_RECOGNITION_CFG_S","NET_TV_LICENSE_PLATE_RECOGNITION_CFG_S","NET_TV_LICENSE_PLATE_RECOGNITION_CFG_S.html"
"struct","","NET_TV_LINKAGE_LIST_S","NET_TV_LINKAGE_LIST_S","NET_TV_LINKAGE_LIST_S.html"
"struct","","NET_TV_LOG_INFO_S","NET_TV_LOG_INFO_S","NET_TV_LOG_INFO_S.html"
"struct","","NET_TV_LOG_LIST_S","NET_TV_LOG_LIST_S","NET_TV_LOG_LIST_S.html"
"struct","","NET_TV_LOG_RETRIEVAL_COND_S","NET_TV_LOG_RETRIEVAL_COND_S","NET_TV_LOG_RETRIEVAL_COND_S.html"
"struct","","NET_TV_LOG_SERVER_INFO_S","NET_TV_LOG_SERVER_INFO_S","NET_TV_LOG_SERVER_INFO_S.html"
"struct","","NET_TV_LOGIN_LOCK_INFO_S","NET_TV_LOGIN_LOCK_INFO_S","NET_TV_LOGIN_LOCK_INFO_S.html"
"struct","","NET_TV_LOITERING_ALARM_INFO_S","NET_TV_LOITERING_ALARM_INFO_S","NET_TV_LOITERING_ALARM_INFO_S.html"
"struct","","NET_TV_LOITERING_DETECT_CAP_S","NET_TV_LOITERING_DETECT_CAP_S","NET_TV_LOITERING_DETECT_CAP_S.html"
"struct","","NET_TV_LOITERING_RULE_S","NET_TV_LOITERING_RULE_S","NET_TV_LOITERING_RULE_S.html"
"struct","","NET_TV_MANHOLE_COVER_ABNORMAL_CFG_S","NET_TV_MANHOLE_COVER_ABNORMAL_CFG_S","NET_TV_MANHOLE_COVER_ABNORMAL_CFG_S.html"
"struct","","NET_TV_MOTION_ALARM_INFO_S","NET_TV_MOTION_ALARM_INFO_S","NET_TV_MOTION_ALARM_INFO_S.html"
"struct","","NET_TV_MOTION_DETECT_CAP_S","NET_TV_MOTION_DETECT_CAP_S","NET_TV_MOTION_DETECT_CAP_S.html"
"struct","","NET_TV_MOTION_EXPERT_MODE_S","NET_TV_MOTION_EXPERT_MODE_S","NET_TV_MOTION_EXPERT_MODE_S.html"
"struct","","NET_TV_MOTION_NORMAL_MODE_S","NET_TV_MOTION_NORMAL_MODE_S","NET_TV_MOTION_NORMAL_MODE_S.html"
"struct","","NET_TV_MOTION_REGION_S","NET_TV_MOTION_REGION_S","NET_TV_MOTION_REGION_S.html"
"struct","","NET_TV_NETWORKCFG_S","NET_TV_NETWORKCFG_S","NET_TV_NETWORKCFG_S.html"
"struct","","NET_TV_NON_MOTOR_VEHICLE_INTRUSION_CAP_S","NET_TV_NON_MOTOR_VEHICLE_INTRUSION_CAP_S","NET_TV_NON_MOTOR_VEHICLE_INTRUSION_CAP_S.html"
"struct","","NET_TV_NONMOTOR_VEHICLE_INTRUSION_INFO_S","NET_TV_NONMOTOR_VEHICLE_INTRUSION_INFO_S","NET_TV_NONMOTOR_VEHICLE_INTRUSION_INFO_S.html"
"struct","","NET_TV_OBJECT_CHANGE_DETECT_CAP_S","NET_TV_OBJECT_CHANGE_DETECT_CAP_S","NET_TV_OBJECT_CHANGE_DETECT_CAP_S.html"
"struct","","NET_TV_OBJECT_REMOVAL_ALARM_INFO_S","NET_TV_OBJECT_REMOVAL_ALARM_INFO_S","NET_TV_OBJECT_REMOVAL_ALARM_INFO_S.html"
"struct","","NET_TV_OBJECT_REMOVAL_RULE_S","NET_TV_OBJECT_REMOVAL_RULE_S","NET_TV_OBJECT_REMOVAL_RULE_S.html"
"struct","","NET_TV_OCCUPATION_EMERGENCY_INFO_S","NET_TV_OCCUPATION_EMERGENCY_INFO_S","NET_TV_OCCUPATION_EMERGENCY_INFO_S.html"
"struct","","NET_TV_OPEN_FLAME_CFG_S","NET_TV_OPEN_FLAME_CFG_S","NET_TV_OPEN_FLAME_CFG_S.html"
"struct","","NET_TV_OSD_CAP_S","NET_TV_OSD_CAP_S","NET_TV_OSD_CAP_S.html"
"struct","","NET_TV_PAGE_INFO_S","NET_TV_PAGE_INFO_S","NET_TV_PAGE_INFO_S.html"
"struct","","NET_TV_PARKING_ALARM_INFO_S","NET_TV_PARKING_ALARM_INFO_S","NET_TV_PARKING_ALARM_INFO_S.html"
"struct","","NET_TV_PARKING_DETECT_CAP_S","NET_TV_PARKING_DETECT_CAP_S","NET_TV_PARKING_DETECT_CAP_S.html"
"struct","","NET_TV_PARKING_RULE_S","NET_TV_PARKING_RULE_S","NET_TV_PARKING_RULE_S.html"
"struct","","NET_TV_PEDESTRIAN_INTRUSION_INFO_S","NET_TV_PEDESTRIAN_INTRUSION_INFO_S","NET_TV_PEDESTRIAN_INTRUSION_INFO_S.html"
"struct","","NET_TV_PEOPLE_ALARM_CONFIG_S","NET_TV_PEOPLE_ALARM_CONFIG_S","NET_TV_PEOPLE_ALARM_CONFIG_S.html"
"struct","","NET_TV_PEOPLE_ALARM_RULE_S","NET_TV_PEOPLE_ALARM_RULE_S","NET_TV_PEOPLE_ALARM_RULE_S.html"
"struct","","NET_TV_PEOPLE_DENSITY_DETECTION_CFG_S","NET_TV_PEOPLE_DENSITY_DETECTION_CFG_S","NET_TV_PEOPLE_DENSITY_DETECTION_CFG_S.html"
"struct","","NET_TV_PEOPLE_FLOW_RULE_LINE_S","NET_TV_PEOPLE_FLOW_RULE_LINE_S","NET_TV_PEOPLE_FLOW_RULE_LINE_S.html"
"struct","","NET_TV_PEOPLE_FLOW_STATISTICS_CFG_S","NET_TV_PEOPLE_FLOW_STATISTICS_CFG_S","NET_TV_PEOPLE_FLOW_STATISTICS_CFG_S.html"
"struct","","NET_TV_PERSON_FALL_CFG_S","NET_TV_PERSON_FALL_CFG_S","NET_TV_PERSON_FALL_CFG_S.html"
"struct","","NET_TV_PERSON_FALL_DOWN_CFG_S","NET_TV_PERSON_FALL_DOWN_CFG_S","NET_TV_PERSON_FALL_DOWN_CFG_S.html"
"struct","","NET_TV_PET_RECOGNITION_CAP_S","NET_TV_PET_RECOGNITION_CAP_S","NET_TV_PET_RECOGNITION_CAP_S.html"
"struct","","NET_TV_PET_RECOGNITION_INFO_S","NET_TV_PET_RECOGNITION_INFO_S","NET_TV_PET_RECOGNITION_INFO_S.html"
"struct","","NET_TV_PHONE_USAGE_CFG_S","NET_TV_PHONE_USAGE_CFG_S","NET_TV_PHONE_USAGE_CFG_S.html"
"struct","","NET_TV_PREVIEW_IMAGE_PARAM_S","NET_TV_PREVIEW_IMAGE_PARAM_S","NET_TV_PREVIEW_IMAGE_PARAM_S.html"
"struct","","NET_TV_PREVIEW_INFO_S","NET_TV_PREVIEW_INFO_S","NET_TV_PREVIEW_INFO_S.html"
"struct","","NET_TV_PREVIEW_RTSP_URL_S","NET_TV_PREVIEW_RTSP_URL_S","NET_TV_PREVIEW_RTSP_URL_S.html"
"struct","","NET_TV_PRIVACY_MASK_AREA_S","NET_TV_PRIVACY_MASK_AREA_S","NET_TV_PRIVACY_MASK_AREA_S.html"
"struct","","NET_TV_PRIVACY_MASK_CFG_S","NET_TV_PRIVACY_MASK_CFG_S","NET_TV_PRIVACY_MASK_CFG_S.html"
"struct","","NET_TV_PWD_POLICY_INFO_S","NET_TV_PWD_POLICY_INFO_S","NET_TV_PWD_POLICY_INFO_S.html"
"struct","","NET_TV_RANGE_S","NET_TV_RANGE_S","NET_TV_RANGE_S.html"
"struct","","NET_TV_RECORD_ADVANCED_PARAM_S","NET_TV_RECORD_ADVANCED_PARAM_S","NET_TV_RECORD_ADVANCED_PARAM_S.html"
"struct","","NET_TV_RECORD_DAY_SCHEDULE_S","NET_TV_RECORD_DAY_SCHEDULE_S","NET_TV_RECORD_DAY_SCHEDULE_S.html"
"struct","","NET_TV_RECORD_DOWNLOAD_INFO_S","NET_TV_RECORD_DOWNLOAD_INFO_S","NET_TV_RECORD_DOWNLOAD_INFO_S.html"
"struct","","NET_TV_RECORD_DOWNLOAD_LIST_S","NET_TV_RECORD_DOWNLOAD_LIST_S","NET_TV_RECORD_DOWNLOAD_LIST_S.html"
"struct","","NET_TV_RECORD_DOWNLOAD_PROGRESS_S","NET_TV_RECORD_DOWNLOAD_PROGRESS_S","NET_TV_RECORD_DOWNLOAD_PROGRESS_S.html"
"struct","","NET_TV_RECORD_FILE_LIST_S","NET_TV_RECORD_FILE_LIST_S","NET_TV_RECORD_FILE_LIST_S.html"
"struct","","NET_TV_RECORD_FIND_COND_S","NET_TV_RECORD_FIND_COND_S","NET_TV_RECORD_FIND_COND_S.html"
"struct","","NET_TV_RECORD_FIND_RESULT_S","NET_TV_RECORD_FIND_RESULT_S","NET_TV_RECORD_FIND_RESULT_S.html"
"struct","","NET_TV_RECORD_INFO_S","NET_TV_RECORD_INFO_S","NET_TV_RECORD_INFO_S.html"
"struct","","NET_TV_RECORD_SCHEDULE_S","NET_TV_RECORD_SCHEDULE_S","NET_TV_RECORD_SCHEDULE_S.html"
"struct","","NET_TV_RECORD_STATUS_INFO_S","NET_TV_RECORD_STATUS_INFO_S","NET_TV_RECORD_STATUS_INFO_S.html"
"struct","","NET_TV_RECORD_TIME_S","NET_TV_RECORD_TIME_S","NET_TV_RECORD_TIME_S.html"
"struct","","NET_TV_RECORD_VIDEO_TIME_S","NET_TV_RECORD_VIDEO_TIME_S","NET_TV_RECORD_VIDEO_TIME_S.html"
"struct","","NET_TV_REFLECTIVE_CLOTHING_CFG_S","NET_TV_REFLECTIVE_CLOTHING_CFG_S","NET_TV_REFLECTIVE_CLOTHING_CFG_S.html"
"struct","","NET_TV_REPLAY_CTRL_INFO_S","NET_TV_REPLAY_CTRL_INFO_S","NET_TV_REPLAY_CTRL_INFO_S.html"
"struct","","NET_TV_REPLAY_RECORD_LIST_S","NET_TV_REPLAY_RECORD_LIST_S","NET_TV_REPLAY_RECORD_LIST_S.html"
"struct","","NET_TV_REPLAY_RECORD_TIME_S","NET_TV_REPLAY_RECORD_TIME_S","NET_TV_REPLAY_RECORD_TIME_S.html"
"struct","","NET_TV_REPLAY_TALKBACK_INFO_S","NET_TV_REPLAY_TALKBACK_INFO_S","NET_TV_REPLAY_TALKBACK_INFO_S.html"
"struct","","NET_TV_REPLAY_URL_INFO_S","NET_TV_REPLAY_URL_INFO_S","NET_TV_REPLAY_URL_INFO_S.html"
"struct","","NET_TV_RETROGRADE_INFO_S","NET_TV_RETROGRADE_INFO_S","NET_TV_RETROGRADE_INFO_S.html"
"struct","","NET_TV_REV_TIMEOUT_S","NET_TV_REV_TIMEOUT_S","NET_TV_REV_TIMEOUT_S.html"
"struct","","NET_TV_ROAD_PONDING_CFG_S","NET_TV_ROAD_PONDING_CFG_S","NET_TV_ROAD_PONDING_CFG_S.html"
"struct","","NET_TV_RTSP_URL_INFO_S","NET_TV_RTSP_URL_INFO_S","NET_TV_RTSP_URL_INFO_S.html"
"struct","","NET_TV_SAFETY_EQUIPMENT_CAP_S","NET_TV_SAFETY_EQUIPMENT_CAP_S","NET_TV_SAFETY_EQUIPMENT_CAP_S.html"
"struct","","NET_TV_SAFETY_HELMET_CFG_S","NET_TV_SAFETY_HELMET_CFG_S","NET_TV_SAFETY_HELMET_CFG_S.html"
"struct","","NET_TV_SCENE_CHANGE_ALARM_INFO_S","NET_TV_SCENE_CHANGE_ALARM_INFO_S","NET_TV_SCENE_CHANGE_ALARM_INFO_S.html"
"struct","","NET_TV_SCENE_CHANGE_CAP_S","NET_TV_SCENE_CHANGE_CAP_S","NET_TV_SCENE_CHANGE_CAP_S.html"
"struct","","NET_TV_SCHED_TIME_S","NET_TV_SCHED_TIME_S","NET_TV_SCHED_TIME_S.html"
"struct","","NET_TV_SECURITY_SERVICES_INFO_S","NET_TV_SECURITY_SERVICES_INFO_S","NET_TV_SECURITY_SERVICES_INFO_S.html"
"struct","","NET_TV_SLEEP_ON_DUTY_CFG_S","NET_TV_SLEEP_ON_DUTY_CFG_S","NET_TV_SLEEP_ON_DUTY_CFG_S.html"
"struct","","NET_TV_SMART_CAP_S","NET_TV_SMART_CAP_S","NET_TV_SMART_CAP_S.html"
"struct","","NET_TV_SMART_LINE_RULE_S","NET_TV_SMART_LINE_RULE_S","NET_TV_SMART_LINE_RULE_S.html"
"struct","","NET_TV_SMART_REGION_RULE_S","NET_TV_SMART_REGION_RULE_S","NET_TV_SMART_REGION_RULE_S.html"
"struct","","NET_TV_SMART_REGION_S","NET_TV_SMART_REGION_S","NET_TV_SMART_REGION_S.html"
"struct","","NET_TV_SMOKE_DETECT_CAP_S","NET_TV_SMOKE_DETECT_CAP_S","NET_TV_SMOKE_DETECT_CAP_S.html"
"struct","","NET_TV_SMOKE_FIRE_CFG_S","NET_TV_SMOKE_FIRE_CFG_S","NET_TV_SMOKE_FIRE_CFG_S.html"
"struct","","NET_TV_SMOKING_CFG_S","NET_TV_SMOKING_CFG_S","NET_TV_SMOKING_CFG_S.html"
"struct","","NET_TV_SSH_ADMIN_INFO_S","NET_TV_SSH_ADMIN_INFO_S","NET_TV_SSH_ADMIN_INFO_S.html"
"struct","","NET_TV_SSH_COUNTDOWN_INFO_S","NET_TV_SSH_COUNTDOWN_INFO_S","NET_TV_SSH_COUNTDOWN_INFO_S.html"
"struct","","NET_TV_STATISTICS_RESET_CONFIG_S","NET_TV_STATISTICS_RESET_CONFIG_S","NET_TV_STATISTICS_RESET_CONFIG_S.html"
"struct","","NET_TV_SYSTEM_NTP_INFO_S","NET_TV_SYSTEM_NTP_INFO_S","NET_TV_SYSTEM_NTP_INFO_S.html"
"struct","","NET_TV_TALKBACK_STATE_INFO_S","NET_TV_TALKBACK_STATE_INFO_S","NET_TV_TALKBACK_STATE_INFO_S.html"
"struct","","NET_TV_TALKBACK_STREAM_INFO_S","NET_TV_TALKBACK_STREAM_INFO_S","NET_TV_TALKBACK_STREAM_INFO_S.html"
"struct","","NET_TV_TAMPER_ALARM_INFO_S","NET_TV_TAMPER_ALARM_INFO_S","NET_TV_TAMPER_ALARM_INFO_S.html"
"struct","","NET_TV_TAMPER_DETECT_CAP_S","NET_TV_TAMPER_DETECT_CAP_S","NET_TV_TAMPER_DETECT_CAP_S.html"
"struct","","NET_TV_TRASH_OVERFLOW_CAP_S","NET_TV_TRASH_OVERFLOW_CAP_S","NET_TV_TRASH_OVERFLOW_CAP_S.html"
"struct","","NET_TV_UNATTENDED_OBJECT_ALARM_INFO_S","NET_TV_UNATTENDED_OBJECT_ALARM_INFO_S","NET_TV_UNATTENDED_OBJECT_ALARM_INFO_S.html"
"struct","","NET_TV_UNATTENDED_OBJECT_RULE_S","NET_TV_UNATTENDED_OBJECT_RULE_S","NET_TV_UNATTENDED_OBJECT_RULE_S.html"
"struct","","NET_TV_UPGRADE_INFO_S","NET_TV_UPGRADE_INFO_S","NET_TV_UPGRADE_INFO_S.html"
"struct","","NET_TV_UPGRADE_STATUS_S","NET_TV_UPGRADE_STATUS_S","NET_TV_UPGRADE_STATUS_S.html"
"struct","","NET_TV_UPGRADE_VERSION_S","NET_TV_UPGRADE_VERSION_S","NET_TV_UPGRADE_VERSION_S.html"
"struct","","NET_TV_VIDEO_ENCODE_ABILITY_S","NET_TV_VIDEO_ENCODE_ABILITY_S","NET_TV_VIDEO_ENCODE_ABILITY_S.html"
"struct","","NET_TV_VIDEO_ENCODE_CAP_S","NET_TV_VIDEO_ENCODE_CAP_S","NET_TV_VIDEO_ENCODE_CAP_S.html"
"struct","","NET_TV_VIDEO_ENCODE_OPTION_S","NET_TV_VIDEO_ENCODE_OPTION_S","NET_TV_VIDEO_ENCODE_OPTION_S.html"
"struct","","NET_TV_VIDEO_OSD_CFG_S","NET_TV_VIDEO_OSD_CFG_S","NET_TV_VIDEO_OSD_CFG_S.html"
"struct","","NET_TV_VIDEO_RESOLUTION_S","NET_TV_VIDEO_RESOLUTION_S","NET_TV_VIDEO_RESOLUTION_S.html"
"struct","","NET_TV_VIDEO_STREAM_CAP_S","NET_TV_VIDEO_STREAM_CAP_S","NET_TV_VIDEO_STREAM_CAP_S.html"
"struct","","NET_TV_VOICECOM_AUDIO_PARAM_S","NET_TV_VOICECOM_AUDIO_PARAM_S","NET_TV_VOICECOM_AUDIO_PARAM_S.html"
"struct","","NET_TV_VOICECOM_START_INFO_S","NET_TV_VOICECOM_START_INFO_S","NET_TV_VOICECOM_START_INFO_S.html"
"struct","","NET_TV_WATER_ACCUMULATION_CAP_S","NET_TV_WATER_ACCUMULATION_CAP_S","NET_TV_WATER_ACCUMULATION_CAP_S.html"
"struct","","NET_TV_WHITEBALANCE_INFO_S","NET_TV_WHITEBALANCE_INFO_S","NET_TV_WHITEBALANCE_INFO_S.html"
"struct","","NET_TV_WIFI_STA_CFG_S","NET_TV_WIFI_STA_CFG_S","NET_TV_WIFI_STA_CFG_S.html"
"struct","","NET_TV_WIFI_STA_CONNECT_S","NET_TV_WIFI_STA_CONNECT_S","NET_TV_WIFI_STA_CONNECT_S.html"
"struct","","NET_TV_WIFI_WEP_KEY_S","NET_TV_WIFI_WEP_KEY_S","NET_TV_WIFI_WEP_KEY_S.html"
"struct","","NET_TV_WRONG_WAY_DRIVING_CAP_S","NET_TV_WRONG_WAY_DRIVING_CAP_S","NET_TV_WRONG_WAY_DRIVING_CAP_S.html"
